Order,Family,Species name,Taxonomic authority,Common name,taxon_id,assessment_id,European category,EU 27 regional category,Endemic to Europe,Endemic to EU 27,Link to assessment
Squamata,Scincidae,Ablepharus budaki,"Göçmen, Kumlutas & Tosunoglu, 1996",Snake-Eyed Skink,61450,207661575,LC,LC,No,No,https://www.iucnredlist.org/species/61450/207661575
Squamata,Scincidae,Ablepharus kitaibelii,"Bibron & Bory St-Vincent, 1833",Juniper Skink,29691,207989721,LC,LC,No,No,https://www.iucnredlist.org/species/29691/207989721
Squamata,Lacertidae,Acanthodactylus erythrurus,"(Schinz, 1833)",Spiny-footed Lizard,61456,207646900,LC,LC,No,No,https://www.iucnredlist.org/species/61456/207646900
Squamata,Lacertidae,Acanthodactylus schreiberi,"Boettger, 1878",Schreiber's Fringe-fingered Lizard,222350753,207990075,LC,NT,Yes,Yes,https://www.iucnredlist.org/species/222350753/207990075
Squamata,Lacertidae,Algyroides fitzingeri,"(Wiegmann, 1834)",Fitzinger's Algyroides,61464,137846377,LC,LC,Yes,Yes,https://www.iucnredlist.org/species/61464/137846377
Squamata,Lacertidae,Algyroides marchi,"Valverde, 1958",Spanish Algyroides,840,137842545,EN,EN,Yes,Yes,https://www.iucnredlist.org/species/840/137842545
Squamata,Lacertidae,Algyroides moreoticus,"Bibron & Bory, 1833",Greek Algyroides,61465,137846475,LC,LC,Yes,Yes,https://www.iucnredlist.org/species/61465/137846475
Squamata,Lacertidae,Algyroides nigropunctatus,"(Duméril and Bibron, 1839)",Blue-throated Keeled Lizard,61466,137846576,LC,LC,Yes,No,https://www.iucnredlist.org/species/61466/137846576
Squamata,Gekkonidae,Alsophylax pipiens,"(Pallas, 1827)",Even-fingered Gecko,157257,213192842,NA,Not recorded,No,No,https://www.iucnredlist.org/species/157257/213192842
Squamata,Lacertidae,Anatololacerta anatolica,"(Werner, 1902)",Anatolian Rock Lizard,210079094,200125217,NT,NT,No,No,https://www.iucnredlist.org/species/210079094/200125217
Squamata,Lacertidae,Anatololacerta finikensis,"(Eiselt & Schmidtler, 1986)",,200124506,207996298,NA,NA,No,No,https://www.iucnredlist.org/species/200124506/207996298
Squamata,Lacertidae,Anatololacerta pelasgiana,"(Mertens, 1959)",,200054655,214954488,LC,LC,No,No,https://www.iucnredlist.org/species/200054655/214954488
Squamata,Anguidae,Anguis cephallonica,"Werner, 1894",Peloponnese Slow Worm,61467,137846721,LC,LC,Yes,Yes,https://www.iucnredlist.org/species/61467/137846721
Squamata,Anguidae,Anguis colchica,"(Nordmann, 1840)",Eastern Slow Worm,47113111,47113120,LC,LC,No,No,https://www.iucnredlist.org/species/47113111/47113120
Squamata,Anguidae,Anguis fragilis,"Linnaeus, 1758",Slow Worm,47113126,204902180,LC,LC,Yes,No,https://www.iucnredlist.org/species/47113126/204902180
Squamata,Anguidae,Anguis graeca,"Bedriaga, 1881",Greek Slow Worm,47113100,47113103,LC,LC,Yes,No,https://www.iucnredlist.org/species/47113100/47113103
Squamata,Anguidae,Anguis veronensis,"Pollini, 1818","
Italian Slow Worm",200055370,204091964,LC,LC,Yes,Yes,https://www.iucnredlist.org/species/200055370/204091964
Squamata,Anolidae,Anolis carolinensis,"(Voigt, 1832)",Green Anole,64188,204880048,NA,NA,No,No,https://www.iucnredlist.org/species/64188/204880048
Squamata,Lacertidae,Archaeolacerta bedriagae,"(Camerano, 1885)",Bedriaga's Rock Lizard,61468,137846813,NT,NT,Yes,Yes,https://www.iucnredlist.org/species/61468/137846813
Squamata,Blanidae,Blanus cinereus,"(Vandelli, 1797)",Iberian Worm Lizard,204702171,137846946,LC,LC,Yes,Yes,https://www.iucnredlist.org/species/204702171/137846946
Squamata,Blanidae,Blanus strauchi,"(Bedriaga, 1884)",Turkish Worm Lizard,200115910,266891444,LC,LC,No,No,https://www.iucnredlist.org/species/200115910/266891444
Squamata,Blanidae,Blanus vandellii,"Ceríaco & Bauer, 2018",Vandelli’s Worm Lizard,200055682,204691145,LC,LC,Yes,Yes,https://www.iucnredlist.org/species/200055682/204691145
Squamata,Scincidae,Chalcides bedriagai,"(Boscá, 1880)",Bedriaga's Skink,61472,137847259,LC,LC,Yes,Yes,https://www.iucnredlist.org/species/61472/137847259
Squamata,Scincidae,Chalcides chalcides,"(Linnaeus, 1758)",Italian Three-toed Skink,61473,207990233,LC,LC,No,No,https://www.iucnredlist.org/species/61473/207990233
Squamata,Scincidae,Chalcides coeruleopunctatus,"Salvador, 1975",Canaryan Cylindrical Skink,200056417,201258375,LC,LC,Yes,Yes,https://www.iucnredlist.org/species/200056417/201258375
Squamata,Scincidae,Chalcides ocellatus,"(Forskål, 1775)",Ocellated Skink,157283,207662295,LC,LC,No,No,https://www.iucnredlist.org/species/157283/207662295
Squamata,Scincidae,Chalcides parallelus,"Doumergue, 1901",Chafarinas' Skink,61484,216963527,NA,NA,No,No,https://www.iucnredlist.org/species/61484/216963527
Squamata,Scincidae,Chalcides sexlineatus,"Steindachner, 1891","Gran Canaria Skink
Gran Canaria Skink",61487,137848983,EN,EN,Yes,Yes,https://www.iucnredlist.org/species/61487/137848983
Squamata,Scincidae,Chalcides simonyi,"Steindachner, 1891","
Lisneja",61488,137849061,DD,DD,Yes,Yes,https://www.iucnredlist.org/species/61488/137849061
Squamata,Scincidae,Chalcides striatus,"(Cuvier, 1829)","
Western Three-toed Skink",61489,137849177,LC,LC,Yes,Yes,https://www.iucnredlist.org/species/61489/137849177
Squamata,Scincidae,Chalcides viridanus,"(Gravenhorst, 1851)",Tenerife Skink,200056717,200056751,LC,LC,Yes,Yes,https://www.iucnredlist.org/species/200056717/200056751
Squamata,Chamaeleonidae,Chamaeleo africanus,"Laurenti, 1768",Basilisk Chameleon,157273,204875915,NA,NA,No,No,https://www.iucnredlist.org/species/157273/204875915
Squamata,Chamaeleonidae,Chamaeleo chamaeleon,"(Linnaeus, 1758)",Mediterranean Chameleon,157246,207643203,NA,NA,No,No,https://www.iucnredlist.org/species/157246/207643203
Testudines,Chelydridae,Chelydra serpentina,"(Linnaeus, 1758)",Snapping Turtle,163424,222880455,NA,Not recorded,No,,https://www.iucnredlist.org/species/163424/222880455
Testudines,Emydidae,Chrysemys picta,"(Schneider, 1783)",Painted Turtle,163467,212953120,NA,Not recorded,No,No,https://www.iucnredlist.org/species/163467/212953120
Squamata,Colubridae,Coronella austriaca,"Laurenti, 1768",Smooth Snake,157284,204914315,LC,LC,No,No,https://www.iucnredlist.org/species/157284/204914315
Squamata,Colubridae,Coronella girondica,"(Daudin, 1803)",Southern Smooth Snake,61491,137849296,LC,LC,No,No,https://www.iucnredlist.org/species/61491/137849296
Squamata,Lacertidae,Dalmatolacerta oxycephala,"(Duméril and Bibron, 1839)",Sharp-snouted Rock Lizard,61528,137852805,LC,LC,Yes,No,https://www.iucnredlist.org/species/61528/137852805
Squamata,Lacertidae,Darevskia armeniaca,"(Méhely, 1909)",Armenian Lizard,164706,200126320,NA,Not recorded,No,No,https://www.iucnredlist.org/species/164706/200126320
Squamata,Lacertidae,Darevskia dahli,"(Darevsky, 1957)",,164720,207996173,NA,Not recorded,No,No,https://www.iucnredlist.org/species/164720/207996173
Squamata,Lacertidae,Darevskia lindholmi,"(Szczerbak, 1962)",Lindholm's Lizard,196003,214997837,LC,Not recorded,Yes,No,https://www.iucnredlist.org/species/196003/214997837
Squamata,Lacertidae,Darevskia praticola,"(Eversmann, 1834)",Meadow Lizard,157245,207648737,NT,NT,No,No,https://www.iucnredlist.org/species/157245/207648737
Squamata,Lacertidae,Dinarolacerta montenegrina,"Ljubisavljević, Arribas, Džukić & Carranza, 2007","
Prokletije Rock Lizard",196001,207062346,NT,Not recorded,Yes,No,https://www.iucnredlist.org/species/196001/207062346
Squamata,Lacertidae,Dinarolacerta mosorensis,"(Kolombatović, 1886)","
Mosor Rock Lizard",196002,2441186,NT,EN,Yes,No,https://www.iucnredlist.org/species/196002/2441186
Squamata,Colubridae,Dolichophis caspius,"(Gmelin, 1789)",Large Whip Snake,157267,204916174,LC,LC,No,No,https://www.iucnredlist.org/species/157267/204916174
Squamata,Colubridae,Dolichophis jugularis,"(Linnaeus, 1758)",Large Whip Snake,157294,204916461,LC,LC,No,No,https://www.iucnredlist.org/species/157294/204916461
Squamata,Colubridae,Eirenis levantinus,"Schmidtler, 1993",Levantine Dwarf Snake,61497,216964498,DD,DD,No,No,https://www.iucnredlist.org/species/61497/216964498
Squamata,Colubridae,Eirenis modestus,"(Martin, 1838)",Ring-Headed Dwarf Snake,157292,137861955,LC,LC,No,No,https://www.iucnredlist.org/species/157292/137861955
Squamata,Colubridae,Elaphe dione,"(Pallas, 1773)",Steppes Ratsnake,157275,199524634,LC,Not recorded,No,No,https://www.iucnredlist.org/species/157275/199524634
Squamata,Colubridae,Elaphe quatuorlineata,"(Lacepède, 1789)",Four-lined Snake,157264,204978521,LC,LC,Yes,No,https://www.iucnredlist.org/species/157264/204978521
Squamata,Colubridae,Elaphe sauromates,"(Pallas, 1811)",Eastern Four-Lined Ratsnake,157265,200131166,LC,LC,No,No,https://www.iucnredlist.org/species/157265/200131166
Squamata,Colubridae,Elaphe schrenckii,"Strauch, 1873",Amur Rat Snake,192165,200127570,NA,NA,No,No,https://www.iucnredlist.org/species/192165/200127570
Testudines,Emydidae,Emys orbicularis,"(Linnaeus, 1758)",European Pond Turtle,7717,207667247,NT,VU,No,No,https://www.iucnredlist.org/species/7717/207667247
Testudines,Emydidae,Emys trinacris,"Fritz, Fattizzo, Guicking, Tripepi, Pennisi, Lenk, Joger & Wink, 2005",Sicilian Pond Turtle,158469,778721,DD,DD,Yes,Yes,https://www.iucnredlist.org/species/158469/778721
Squamata,Lacertidae,Eremias arguta,"(Pallas, 1773)",Steppe-runner,157260,215068095,LC,VU,No,No,https://www.iucnredlist.org/species/157260/215068095
Squamata,Lacertidae,Eremias velox,"(Pallas, 1771)",Central Asian Racerunner,157286,207994494,VU,Not recorded,No,No,https://www.iucnredlist.org/species/157286/207994494
Squamata,Boidae,Eryx jaculus,"
(Linnaeus, 1758)",Javelin Sand Boa,157244,204911892,LC,LC,No,No,https://www.iucnredlist.org/species/157244/204911892
Squamata,Boidae,Eryx miliaris,"(Pallas, 1773)",Dwarf Sand Boa,157269,207642827,LC,Not recorded,No,No,https://www.iucnredlist.org/species/157269/207642827
Squamata,Sphaerodactylidae,Euleptes europaea,"(Gené, 1839)",European Leaf-toed Gecko,61446,207989942,LC,LC,No,No,https://www.iucnredlist.org/species/61446/207989942
Squamata,Scincidae,Eumeces schneiderii,"(Daudin, 1802)",Orange-tailed Skink,157289,207663666,DD,DD,No,No,https://www.iucnredlist.org/species/157289/207663666
Squamata,Lacertidae,Gallotia atlantica,"(Peters and Doria, 1882)",Atlantic Lizard,61500,137850299,LC,LC,Yes,Yes,https://www.iucnredlist.org/species/61500/137850299
Squamata,Lacertidae,Gallotia bravoana,"Hutterer, 1985",La Gomera Giant Lizard,61502,137850527,EN,EN,Yes,Yes,https://www.iucnredlist.org/species/61502/137850527
Squamata,Lacertidae,Gallotia caesaris,"Lehrs, 1914",Lagarto Tizón de La Gomera y El Hierro,61503,137850681,LC,LC,Yes,Yes,https://www.iucnredlist.org/species/61503/137850681
Squamata,Lacertidae,Gallotia galloti,"(Oudart, 1839)",Tenerife Lizard,61504,137850765,LC,LC,Yes,Yes,https://www.iucnredlist.org/species/61504/137850765
Squamata,Lacertidae,Gallotia intermedia,"Barbadillo, Lacomba, Pêrez-Mellado, Sancho & López-Jurado, 1999",Tenerife Speckled Lizard,61505,207650471,EN,EN,Yes,Yes,https://www.iucnredlist.org/species/61505/207650471
Squamata,Lacertidae,Gallotia simonyi,"(Steindachner, 1889)",El Hierro Giant Lizard,8881,137842652,VU,VU,Yes,Yes,https://www.iucnredlist.org/species/8881/137842652
Squamata,Lacertidae,Gallotia stehlini,"(Schenkel, 1901)",Gran Canaria Giant Lizard,61506,137850850,CR,CR,Yes,Yes,https://www.iucnredlist.org/species/61506/137850850
Squamata,Lacertidae,Hellenolacerta graeca,"(Bedriaga, 1886)",Greek Rock Lizard,61523,137852588,LC,LC,Yes,Yes,https://www.iucnredlist.org/species/61523/137852588
Squamata,Gekkonidae,Hemidactylus turcicus,"(Linnaeus, 1758)",Turkish Gecko,157261,205698798,LC,LC,No,No,https://www.iucnredlist.org/species/157261/205698798
Squamata,Colubridae,Hemorrhois algirus,"(Jan, 1863)",Algerian Whip Snake,183197,204877224,NA,NA,No,No,https://www.iucnredlist.org/species/183197/204877224
Squamata,Colubridae,Hemorrhois hippocrepis,"(Linnaeus, 1758)",Horseshoe Whip Snake,61509,207643905,LC,LC,No,No,https://www.iucnredlist.org/species/61509/207643905
Squamata,Colubridae,Hemorrhois nummifer,"(Reuss, 1834)",Coin-marked Snake,157270,244574857,LC,LC,No,No,https://www.iucnredlist.org/species/157270/244574857
Squamata,Colubridae,Hemorrhois ravergieri,"(Ménétries, 1832)",Spotted Whip Snake,157285,207644599,NA,NA,No,No,https://www.iucnredlist.org/species/157285/207644599
Squamata,Scincidae,Heremites auratus,"(Linnaeus, 1758)",Levant Skink,157291,207664181,LC,LC,No,No,https://www.iucnredlist.org/species/157291/207664181
Squamata,Scincidae,Heremites vittatus,"(Olivier, 1804)",Bridled Mabuya,61586,207991230,LC,LC,No,No,https://www.iucnredlist.org/species/61586/207991230
Squamata,Colubridae,Hierophis cypriensis,"(Schätti, 1985)",Cyprus Whip Snake,61443,137844254,NT,NT,Yes,Yes,https://www.iucnredlist.org/species/61443/137844254
Squamata,Colubridae,Hierophis gemonensis,"(Laurenti, 1768)",Balkan Whip Snake,61510,137851210,LC,LC,Yes,No,https://www.iucnredlist.org/species/61510/137851210
Squamata,Colubridae,Hierophis viridiflavus,"(Lacépède, 1789)",Western Whip Snake,61449,137844938,LC,LC,Yes,No,https://www.iucnredlist.org/species/61449/137844938
Squamata,Lacertidae,Iberolacerta aranica,"(Arribas, 1993)",Aran Rock Lizard,61512,137851481,NT,NT,Yes,Yes,https://www.iucnredlist.org/species/61512/137851481
Squamata,Lacertidae,Iberolacerta aurelioi,"(Arribas, 1994)",Aurelio's Rock Lizard,61513,137851611,EN,EN,Yes,No,https://www.iucnredlist.org/species/61513/137851611
Squamata,Lacertidae,Iberolacerta bonnali,"(Lantz, 1927)",Pyrenean Rock Lizard,61447,137844814,NT,NT,Yes,Yes,https://www.iucnredlist.org/species/61447/137844814
Squamata,Lacertidae,Iberolacerta cyreni,"(Müller & Helmich, 1937)",,61514,137851751,LC,LC,Yes,Yes,https://www.iucnredlist.org/species/61514/137851751
Squamata,Lacertidae,Iberolacerta galani,"Arribas, Carranza and Odierna, 2006",Galan's Rock Lizard,157271,207651727,NT,NT,Yes,Yes,https://www.iucnredlist.org/species/157271/207651727
Squamata,Lacertidae,Iberolacerta horvathi,"(Méhely, 1904)","
Horvath's Rock Lizard",61515,137851859,LC,LC,Yes,Yes,https://www.iucnredlist.org/species/61515/137851859
Squamata,Lacertidae,Iberolacerta martinezricai,"(Arribas, 1996)",Peña de Francia Rock Lizard,61516,137851947,EN,EN,Yes,Yes,https://www.iucnredlist.org/species/61516/137851947
Squamata,Lacertidae,Iberolacerta monticola,"(Boulenger, 1905)",West Iberian Rock Lizard,61448,207652191,LC,LC,Yes,Yes,https://www.iucnredlist.org/species/61448/207652191
Squamata,Typhlopidae,Indotyphlops braminus,"(Daudin, 1803)",Brahminy Blind Snake,172704,200127917,NA,NA,No,No,https://www.iucnredlist.org/species/172704/200127917
Testudines,Kinosternidae,Kinosternon subrubrum,"(Bonaterre, 1789)",Common Mud Turtle,163435,226091949,NA,Not recorded,No,No,https://www.iucnredlist.org/species/163435/226091949
Squamata,Lacertidae,Lacerta agilis,"Linnaeus, 1758",Sand Lizard,157288,207994671,LC,LC,No,No,https://www.iucnredlist.org/species/157288/207994671
Squamata,Lacertidae,Lacerta bilineata,"Daudin, 1802",Western Green Lizard,61519,137852254,LC,LC,Yes,No,https://www.iucnredlist.org/species/61519/137852254
Squamata,Lacertidae,Lacerta citrovittata,"Werner, 1938",Tinos Green lizard,200059599,207062541,LC,LC,Yes,Yes,https://www.iucnredlist.org/species/200059599/207062541
Squamata,Lacertidae,Lacerta diplochondrodes,"Wettstein, 1952",Rhodos Green Lizard,200059613,207062742,LC,LC,No,No,https://www.iucnredlist.org/species/200059613/207062742
Squamata,Lacertidae,Lacerta schreiberi,"Bedriaga, 1878",Iberian Emerald Lizard,11113,137842792,LC,LC,Yes,Yes,https://www.iucnredlist.org/species/11113/137842792
Squamata,Lacertidae,Lacerta strigata,"Eichwald, 1831",Caucusus Emerald Lizard,157287,207652956,NA,Not recorded,No,No,https://www.iucnredlist.org/species/157287/207652956
Squamata,Lacertidae,Lacerta trilineata,"Bedriaga, 1886",Balkan Green Lizard,216864496,207990400,LC,LC,Yes,No,https://www.iucnredlist.org/species/216864496/207990400
Squamata,Lacertidae,Lacerta viridis,"(Laurenti, 1768)",Green Lizard,61530,207990559,LC,LC,No,No,https://www.iucnredlist.org/species/61530/207990559
Squamata,Colubridae,Lampropeltis californiae,"(Blainville, 1835)",California Kingsnake,67662524,204878214,NA,NA,No,No,https://www.iucnredlist.org/species/67662524/204878214
Squamata,Agamidae,Laudakia cypriaca,"(Daan, 1967)",Cyprus Rock Agama,213778362,213778365,LC,LC,Yes,Yes,https://www.iucnredlist.org/species/213778362/213778365
Squamata,Agamidae,Laudakia stellio,"(Linnaeus, 1758)",Starred Agama,213773477,204680547,LC,LC,No,No,https://www.iucnredlist.org/species/213773477/204680547
Testudines,Chelydridae,Macrochelys temminckii,"(Troost in Harlan, 1835)",Alligator Snapping Turtle,12589,226092387,NA,Not recorded,No,No,https://www.iucnredlist.org/species/12589/226092387
Squamata,Colubridae,Macroprotodon brevis,"(Günther, 1862)",Iberian False Smooth Snake,61532,207750368,LC,LC,No,No,https://www.iucnredlist.org/species/61532/207750368
Squamata,Colubridae,Macroprotodon cucullatus,"(Geoffroy Saint-Hilaire, 1827)",False Smooth Snake,61533,204878846,DD,DD,No,No,https://www.iucnredlist.org/species/61533/204878846
Squamata,Viperidae,Macrovipera lebetinus,"(Linnaeus, 1758)",Levantine Viper,157295,207664712,LC,LC,No,No,https://www.iucnredlist.org/species/157295/207664712
Squamata,Viperidae,Macrovipera schweizeri,"(Werner, 1935)",Cyclades Blunt-nosed Viper,12654,137843008,EN,EN,Yes,Yes,https://www.iucnredlist.org/species/12654/137843008
Squamata,Psammophiidae,Malpolon insignitus,"(Geoffroy Saint-Hilaire, 1827)",Eastern Montpellier Snake,157253,207992632,LC,LC,No,No,https://www.iucnredlist.org/species/157253/207992632
Squamata,Psammophiidae,Malpolon monspessulanus,"(Hermann, 1804)",Western Montpellier Snake,157262,207993538,LC,LC,No,No,https://www.iucnredlist.org/species/157262/207993538
Testudines,Geoemydidae,Mauremys caspica,"(Gmelin, 1774)",Caspian Turtle,163446,207995336,NA,Not recorded,No,No,https://www.iucnredlist.org/species/163446/207995336
Testudines,Geoemydidae,Mauremys leprosa,"(Schweigger, 1812)",Mediterranean Pond Turtle,158468,207995085,NT,NT,No,No,https://www.iucnredlist.org/species/158468/207995085
Testudines,Geoemydidae,Mauremys reevesii,"(Gray, 1831)",Reeves' Turtle,170502,212955598,NA,Not recorded,No,No,https://www.iucnredlist.org/species/170502/212955598
Testudines,Geoemydidae,Mauremys rivulata,"(Valenciennes in Bory de Saint-Vincent, 1833)",Western Caspian Turtle,158470,207668374,LC,LC,No,No,https://www.iucnredlist.org/species/158470/207668374
Testudines,Geoemydidae,Mauremys sinensis,"(Gray, 1834)",Chinese Stripe-necked Turtle,15026,212956010,NA,Not recorded,No,No,https://www.iucnredlist.org/species/15026/212956010
Squamata,Gekkonidae,Mediodactylus bartoni,"(Stepánek, 1934)",Barton’s Thin-toed Gecko,204783735,204783942,LC,LC,Yes,Yes,https://www.iucnredlist.org/species/204783735/204783942
Squamata,Gekkonidae,Mediodactylus danilewskii,"(Strauch, 1887)",Crimean Gecko,204784407,207996302,LC,LC,No,No,https://www.iucnredlist.org/species/204784407/207996302
Squamata,Gekkonidae,Mediodactylus kotschyi,"(Steindachner, 1870)",Kotschy's Gecko,200133383,200133456,LC,LC,Yes,No,https://www.iucnredlist.org/species/200133383/200133456
Squamata,Gekkonidae,Mediodactylus oertzeni,"(Boettger, 1888)",,204784589,204784677,LC,LC,Yes,Yes,https://www.iucnredlist.org/species/204784589/204784677
Squamata,Gekkonidae,Mediodactylus orientalis,"(Stepánek, 1937)",Mediterranean Thin-toed Gecko,204785101,204785120,LC,LC,No,No,https://www.iucnredlist.org/species/204785101/204785120
Squamata,Viperidae,Montivipera xanthina,"(Gray, 1849)",Ottoman Viper,61537,207990775,LC,LC,No,No,https://www.iucnredlist.org/species/61537/207990775
Squamata,Natricidae,Natrix astreptophora,"(Seoane, 1884)",Red-eyed Grass Snake,165594036,207063147,LC,LC,No,No,https://www.iucnredlist.org/species/165594036/207063147
Squamata,Natricidae,Natrix helvetica,"(Lacépède, 1789)",European Grass Snake,165594257,165594282,LC,LC,Yes,No,https://www.iucnredlist.org/species/165594257/165594282
Squamata,Natricidae,Natrix maura,"(Linnaeus, 1758)",Viperine Snake,61538,207658281,LC,LC,No,No,https://www.iucnredlist.org/species/61538/207658281
Squamata,Natricidae,Natrix natrix,"(Linnaeus, 1758)",Grass Snake,165594334,207658588,LC,LC,No,No,https://www.iucnredlist.org/species/165594334/207658588
Squamata,Natricidae,Natrix tessellata,"(Laurenti, 1768)",Dice Snake,157256,207993095,LC,LC,No,No,https://www.iucnredlist.org/species/157256/207993095
Squamata,Scincidae,Ophiomorus kardesi,"Kornilios, Kumlutas, Lymberakis & Ilgaz, 2018",Anatolian Limbless Skink,182563569,207673254,DD,DD,No,No,https://www.iucnredlist.org/species/182563569/207673254
Squamata,Scincidae,Ophiomorus punctatissimus,"(Bibron & Bory, 1833)","
Greek Snake Skink",182564317,137854561,LC,LC,Yes,Yes,https://www.iucnredlist.org/species/182564317/137854561
Squamata,Lacertidae,Ophisops elegans,"Ménétries, 1832",Snake-eyed Lizard,157279,204874584,LC,LC,No,No,https://www.iucnredlist.org/species/157279/204874584
Squamata,Lacertidae,Parvilacerta parva,"(Boulenger, 1887)",Dwarf Lizard,164674,207995920,NA,Not recorded,No,No,https://www.iucnredlist.org/species/164674/207995920
Testudines,Trionychidae,Pelodiscus sinensis,"Wiegmann, 1835",Chinese Softshell Turtle,39620,207996290,NA,Not recorded,No,No,https://www.iucnredlist.org/species/39620/207996290
Squamata,Lacertidae,Phoenicolacerta troodica,"(Werner, 1936)",Troodos Wall Lizard,157276,207653823,LC,LC,Yes,Yes,https://www.iucnredlist.org/species/157276/207653823
Squamata,Agamidae,Phrynocephalus guttatus,"(Gmelin, 1789)",Spotted Toadhead Agama,157278,128895072,LC,Not recorded,No,No,https://www.iucnredlist.org/species/157278/128895072
Squamata,Agamidae,Phrynocephalus helioscopus,"(Pallas, 1773)",Sunwatcher,48835941,200006718,VU,Not recorded,No,No,https://www.iucnredlist.org/species/48835941/200006718
Squamata,Agamidae,Phrynocephalus mystaceus,"(Pallas, 1776)",Toad-headed Agama,157250,204679413,LC,Not recorded,No,No,https://www.iucnredlist.org/species/157250/204679413
Squamata,Colubridae,Platyceps collaris,"(Müller, 1878)",Collared Dwarf Racer,61543,207646198,LC,NA,No,No,https://www.iucnredlist.org/species/61543/207646198
Squamata,Colubridae,Platyceps najadum,"(Eichwald, 1831)",Dahl's Whip Snake,157277,207994241,LC,LC,No,No,https://www.iucnredlist.org/species/157277/207994241
Squamata,Lacertidae,Podarcis bocagei,"(Seoane, 1884)",Bocage's Wall Lizard,61544,137854953,LC,LC,Yes,Yes,https://www.iucnredlist.org/species/61544/137854953
Squamata,Lacertidae,Podarcis carbonelli,"Pérez Mellado, 1981",Carbonelli's Wall Lizard,61545,137855053,VU,VU,Yes,Yes,https://www.iucnredlist.org/species/61545/137855053
Squamata,Lacertidae,Podarcis cretensis,"(Wettstein, 1952)",Κλωστιδάκι,157252,207654264,LC,LC,Yes,Yes,https://www.iucnredlist.org/species/157252/207654264
Squamata,Lacertidae,Podarcis erhardii,"(Bedriaga, 1882)","
Erhard's Wall Lizard",207598021,137855176,LC,LC,Yes,No,https://www.iucnredlist.org/species/207598021/137855176
Squamata,Lacertidae,Podarcis filfolensis,"(Bedriaga, 1876)",Maltese Wall Lizard,17793,137843120,LC,LC,Yes,Yes,https://www.iucnredlist.org/species/17793/137843120
Squamata,Lacertidae,Podarcis gaigeae,"(Werner, 1930)",Skyros Wall Lizard,61547,137855287,LC,LC,Yes,Yes,https://www.iucnredlist.org/species/61547/137855287
Squamata,Lacertidae,Podarcis guadarramae,"(Boscá, 1916)",Guadarrama Wall Lizard,204843752,204844363,LC,LC,Yes,Yes,https://www.iucnredlist.org/species/204843752/204844363
Squamata,Lacertidae,Podarcis hispanicus,"(Steindachner, 1870)",Spanish Wall Lizard,204865442,137855369,LC,LC,Yes,Yes,https://www.iucnredlist.org/species/204865442/137855369
Squamata,Lacertidae,Podarcis ionicus,"(Lehrs, 1902)",Ionian Wall Lizard,204832724,204832746,LC,LC,Yes,No,https://www.iucnredlist.org/species/204832724/204832746
Squamata,Lacertidae,Podarcis latastei,"(Bedriaga, 1879)",Pontian Wall Lizard,222761493,222900527,NT,NT,Yes,Yes,https://www.iucnredlist.org/species/222761493/222900527
Squamata,Lacertidae,Podarcis levendis,"Lymberakis, Poulakakis, Kaliontzopoulou, Valakos and Mylonas, 2008",,157290,207654693,VU,VU,Yes,Yes,https://www.iucnredlist.org/species/157290/207654693
Squamata,Lacertidae,Podarcis lilfordi,"(Günther, 1874)",Lilford's Wall Lizard,17795,137843212,NT,NT,Yes,Yes,https://www.iucnredlist.org/species/17795/137843212
Squamata,Lacertidae,Podarcis liolepis,"(Boulenger, 1905)",Catalonian Wall Lizard,204900953,204901543,LC,LC,Yes,No,https://www.iucnredlist.org/species/204900953/204901543
Squamata,Lacertidae,Podarcis lusitanicus,"Geniez, Sá-Sousa, Guillaume, Cluchier & Crochet, 2014",Lusitanian Wall Lizard,212423579,212423660,LC,LC,Yes,Yes,https://www.iucnredlist.org/species/212423579/212423660
Squamata,Lacertidae,Podarcis melisellensis,"(Braun, 1877)",Dalmatian Wall Lizard,61549,137855479,LC,LC,Yes,No,https://www.iucnredlist.org/species/61549/137855479
Squamata,Lacertidae,Podarcis milensis,"(Bedriaga, 1882)",Milos Wall Lizard,17797,137843375,LC,LC,Yes,Yes,https://www.iucnredlist.org/species/17797/137843375
Squamata,Lacertidae,Podarcis muralis,"(Laurenti, 1768)",Common Wall Lizard,61550,218505859,LC,LC,No,No,https://www.iucnredlist.org/species/61550/218505859
Squamata,Lacertidae,Podarcis peloponnesiacus,"(Bibron & Bory, 1833)",Peloponnese Wall Lizard,224258102,137855826,LC,LC,Yes,Yes,https://www.iucnredlist.org/species/224258102/137855826
Squamata,Lacertidae,Podarcis pityusensis,"(Boscá, 1883)",Ibiza Wall Lizard,17800,137843475,EN,EN,Yes,Yes,https://www.iucnredlist.org/species/17800/137843475
Squamata,Lacertidae,Podarcis raffonei,"(Mertens, 1952)",Aeolian Wall Lizard,61552,137855910,EN,EN,Yes,Yes,https://www.iucnredlist.org/species/61552/137855910
Squamata,Lacertidae,Podarcis siculus,"(Rafinesque, 1810)",Italian Wall Lizard,222915874,217280511,LC,LC,Yes,No,https://www.iucnredlist.org/species/222915874/217280511
Squamata,Lacertidae,Podarcis tauricus,"(Georgi, 1801)",Balkan Wall Lizard,204829909,204830613,LC,LC,No,No,https://www.iucnredlist.org/species/204829909/204830613
Squamata,Lacertidae,Podarcis thais,"(Buchholz, 1960)",Eastern Peloponnese Wall Lizard,224257728,265572387,LC,LC,Yes,Yes,https://www.iucnredlist.org/species/224257728/265572387
Squamata,Lacertidae,Podarcis tiliguerta,"(Gmelin, 1789)",Tyrrhenian Wall Lizard,157293,137862171,LC,LC,Yes,Yes,https://www.iucnredlist.org/species/157293/137862171
Squamata,Lacertidae,Podarcis vaucheri,"(Boulenger, 1905)",Vaucher's Wall Lizard,61556,207990918,LC,LC,No,No,https://www.iucnredlist.org/species/61556/207990918
Squamata,Lacertidae,Podarcis virescens,"Geniez, Sá-Sousa, Guillaume, Cluchier & Crochet, 2014",Geniez’s Wall Lizard,204869148,204869203,LC,LC,Yes,Yes,https://www.iucnredlist.org/species/204869148/204869203
Squamata,Lacertidae,Podarcis waglerianus,"Gistel, 1868",Sicilian Wall Lizard,61557,137856508,LC,LC,Yes,Yes,https://www.iucnredlist.org/species/61557/137856508
Squamata,Lacertidae,Psammodromus algirus,"(Linnaeus, 1758)",Large Psammodromus,42668917,217402853,LC,LC,No,No,https://www.iucnredlist.org/species/42668917/217402853
Squamata,Lacertidae,Psammodromus blanci,"(Lataste, 1880)",Blanc's Sand Racer,61559,217394438,NA,NA,No,No,https://www.iucnredlist.org/species/61559/217394438
Squamata,Lacertidae,Psammodromus edwarsianus,"(Dugès, 1826)",Edwards's Psannodromus,42668029,42668047,LC,LC,Yes,Yes,https://www.iucnredlist.org/species/42668029/42668047
Squamata,Lacertidae,Psammodromus hispanicus,"Fitzinger, 1826",Spanish Psammodromus,19072970,19072994,LC,LC,Yes,Yes,https://www.iucnredlist.org/species/19072970/19072994
Squamata,Lacertidae,Psammodromus occidentalis,"Fitze, Gonzalez-Jimena, San-Jose, San Mauro & Zardoya, 2012",Western Psammodromus,19072941,19072943,LC,LC,Yes,Yes,https://www.iucnredlist.org/species/19072941/19072943
Testudines,Emydidae,Pseudemys nelsoni,"Carr, 1938",Florida Red-bellied Cooter,170495,212954395,NA,Not recorded,No,No,https://www.iucnredlist.org/species/170495/212954395
Squamata,Anguidae,Pseudopus apodus,"(Pallas, 1775)",European Glass Lizard,157263,204911476,LC,LC,No,No,https://www.iucnredlist.org/species/157263/204911476
Squamata,Colubridae,Rhynchocalamus melanocephalus,"(Jan, 1862)",Black-headed Ground Snake,164637,223279185,DD,DD,No,No,https://www.iucnredlist.org/species/164637/223279185
Squamata,Sphaerodactylidae,Saurodactylus mauritanicus,"(Duméril and Bibron, 1836)",Mahgreb Gecko,61569,207991058,NA,NA,No,No,https://www.iucnredlist.org/species/61569/207991058
Squamata,Lacertidae,Scelarcis perspicillata,"(Duméril & Bibron, 1839)",Moroccan Rock Lizard,61581,207657357,NA,NA,No,No,https://www.iucnredlist.org/species/61581/207657357
Squamata,Phyllodactylidae,Tarentola angustimentalis,"Steindachner, 1891",Perenquén Majorero,61572,137857659,LC,LC,Yes,Yes,https://www.iucnredlist.org/species/61572/137857659
Squamata,Phyllodactylidae,Tarentola boettgeri,"Steindachner, 1891",Boettger's Wall Gecko,61574,137857741,LC,LC,Yes,No,https://www.iucnredlist.org/species/61574/137857741
Squamata,Phyllodactylidae,Tarentola delalandii,"Duméril and Bibron, 1836",Tenerife Wall Gecko,61575,137857823,LC,LC,Yes,Yes,https://www.iucnredlist.org/species/61575/137857823
Squamata,Phyllodactylidae,Tarentola gomerensis,"Joger and Bischoff, 1983",Gomero Wall Gecko,61577,137857989,LC,LC,Yes,Yes,https://www.iucnredlist.org/species/61577/137857989
Squamata,Phyllodactylidae,Tarentola mauritanica,"(Linnaeus, 1758)",Common Wall Gecko,61578,207660692,LC,LC,No,No,https://www.iucnredlist.org/species/61578/207660692
Squamata,Phyllodactylidae,Tarentola substituta,"Joger, 1984",São Vicente Wall Gecko,13152212,204870038,NA,NA,No,No,https://www.iucnredlist.org/species/13152212/204870038
Squamata,Lacertidae,Teira dugesii,"(Milne-Edwards, 1829)",Madeira Lizard,61521,207657622,LC,LC,Yes,Yes,https://www.iucnredlist.org/species/61521/207657622
Squamata,Colubridae,Telescopus fallax,"(Fleischmann, 1831)",Cat Snake,157258,137860744,LC,LC,No,No,https://www.iucnredlist.org/species/157258/137860744
Squamata,Gekkonidae,Tenuidactylus bogdanovi,"Nazarov & Poyarkov, 2013",Bogdanov’s Thin-toed Gecko,54573089,204888407,NA,Not recorded,No,No,https://www.iucnredlist.org/species/54573089/204888407
Squamata,Gekkonidae,Tenuidactylus caspius,"(Eichwald, 1831)",Caspian Bent-toed Gecko,157255,207992940,NA,Not recorded,No,No,https://www.iucnredlist.org/species/157255/207992940
Testudines,Testudinidae,Testudo graeca,"Linnaeus, 1758",Common Tortoise,21646,207669215,NT,NT,No,No,https://www.iucnredlist.org/species/21646/207669215
Testudines,Testudinidae,Testudo hermanni,"Gmelin, 1789",Hermann's Tortoise,21648,2777071,VU,VU,Yes,No,https://www.iucnredlist.org/species/21648/2777071
Testudines,Testudinidae,Testudo marginata,"Schoepff, 1792",Marginated Tortoise,21653,2777760,LC,LC,Yes,No,https://www.iucnredlist.org/species/21653/2777760
Squamata,Lacertidae,Timon lepidus,"(Daudin, 1802)",Ocellated Lizard,218293375,137858480,LC,LC,Yes,No,https://www.iucnredlist.org/species/218293375/137858480
Squamata,Lacertidae,Timon nevadensis,"(Buchholz, 1963)",Sierra Nevada Ocellated Lizard,200064594,207063060,LC,LC,Yes,Yes,https://www.iucnredlist.org/species/200064594/207063060
Squamata,Lacertidae,Timon tangitanus,"(Boulenger, 1887)",Moroccan Ocellated Lizard,61585,207657895,NA,NA,No,No,https://www.iucnredlist.org/species/61585/207657895
Testudines,Emydidae,Trachemys scripta,"(Thunberg, 1792)",Yellow-bellied Slider Turtle,22028,207988853,NA,Not recorded,No,No,https://www.iucnredlist.org/species/22028/207988853
Testudines,Trionychidae,Trionyx triunguis,"(Forskål, 1775)",African Softshell Turtle,62256,207992212,NA,NA,No,No,https://www.iucnredlist.org/species/62256/207992212
Squamata,Trogonophidae,Trogonophis wiegmanni,"Kaup, 1830",Checkerboard Worm Lizard,61589,217943612,NA,NA,No,No,https://www.iucnredlist.org/species/61589/217943612
Squamata,Viperidae,Vipera ammodytes,"(Linnaeus, 1758)",Nose-horned Viper,62255,207991981,LC,LC,No,No,https://www.iucnredlist.org/species/62255/207991981
Squamata,Viperidae,Vipera aspis,"(Linnaeus, 1758)",Asp Viper,61591,260760059,VU,VU,Yes,No,https://www.iucnredlist.org/species/61591/260760059
Squamata,Viperidae,Vipera berus,"(Linnaeus, 1758)",Adder,47756146,215261275,LC,LC,No,No,https://www.iucnredlist.org/species/47756146/215261275
Squamata,Viperidae,Vipera graeca,"Nilson & Andrén, 1988",Greek Meadow Viper,53789650,207665793,EN,EN,Yes,No,https://www.iucnredlist.org/species/53789650/207665793
Squamata,Viperidae,Vipera latastei,"Boscá, 1878",Lataste's Viper,221202039,137859691,VU,VU,Yes,Yes,https://www.iucnredlist.org/species/221202039/137859691
Squamata,Viperidae,Vipera renardi,"(Christoph, 1861)",Eastern Steppe Viper,157268,215291182,VU,Not recorded,No,No,https://www.iucnredlist.org/species/157268/215291182
Squamata,Viperidae,Vipera seoanei,"Lataste, 1879",Seoane's Viper,61594,137859941,NT,NT,Yes,Yes,https://www.iucnredlist.org/species/61594/137859941
Squamata,Viperidae,Vipera ursinii,"(Bonaparte, 1835)",Meadow Viper,218272979,207526336,VU,VU,Yes,No,https://www.iucnredlist.org/species/218272979/207526336
Squamata,Typhlopidae,Xerotyphlops vermicularis,"(Merrem, 1820)",Eurasian Blind Snake,157274,207993994,LC,LC,No,No,https://www.iucnredlist.org/species/157274/207993994
Squamata,Colubridae,Zamenis hohenackeri,"(Strauch, 1873)",Transcaucasian Rat Snake,157251,205719449,DD,DD,No,No,https://www.iucnredlist.org/species/157251/205719449
Squamata,Colubridae,Zamenis lineatus,"(Camerano, 1891)",Italian Aesculapian Snake,61595,205824302,LC,LC,Yes,Yes,https://www.iucnredlist.org/species/61595/205824302
Squamata,Colubridae,Zamenis longissimus,"(Laurenti, 1768)",Aesculapian Ratsnake,157266,205826427,LC,LC,No,No,https://www.iucnredlist.org/species/157266/205826427
Squamata,Colubridae,Zamenis scalaris,"(Schinz, 1822)",Ladder Snake,61565,137857016,LC,LC,Yes,Yes,https://www.iucnredlist.org/species/61565/137857016
Squamata,Colubridae,Zamenis situla,"(Linnaeus, 1758)",European Ratsnake,61444,205825815,LC,LC,No,No,https://www.iucnredlist.org/species/61444/205825815
Squamata,Lacertidae,Zootoca carniolica,"(Mayer, Böhme, Tiedemann & Bischoff, 2000)",,243561918,243562851,LC,LC,Yes,No,https://www.iucnredlist.org/species/243561918/243562851
Squamata,Lacertidae,Zootoca vivipara,"Wagler, 1830",Viviparous Lizard,243561476,207991664,LC,LC,No,No,https://www.iucnredlist.org/species/243561476/207991664
